image_id,healthy,multiple_diseases,rust,scab
Test_0,0.0,0.0,1.0,0.0
Test_1,0.0,0.0,1.0,0.0
Test_2,0.0,0.0,1.0,0.0
Test_3,0.0,0.0,1.0,0.0
Test_4,0.0,0.0,1.0,0.0
Test_5,0.0,0.0,1.0,0.0
Test_6,0.0,0.0,1.0,0.0
Test_7,0.0,0.0,1.0,0.0
Test_8,0.0,0.0,1.0,0.0
Test_9,0.0,0.0,1.0,0.0
Test_10,0.0,0.0,1.0,0.0
Test_11,0.0,0.0,1.0,0.0
Test_12,0.0,0.0,1.0,0.0
Test_13,0.0,0.0,1.0,0.0
Test_14,0.0,0.0,1.0,0.0
Test_15,0.0,0.0,1.0,0.0
Test_16,0.0,0.0,1.0,0.0
Test_17,0.0,0.0,1.0,0.0
Test_18,0.0,0.0,1.0,0.0
Test_19,0.0,0.0,1.0,0.0
Test_20,0.0,0.0,1.0,0.0
Test_21,0.0,0.0,1.0,0.0
Test_22,0.0,0.0,1.0,0.0
Test_23,0.0,0.0,1.0,0.0
Test_24,0.0,0.0,1.0,0.0
Test_25,0.0,0.0,1.0,0.0
Test_26,0.0,0.0,1.0,0.0
Test_27,0.0,0.0,1.0,0.0
Test_28,0.0,0.0,1.0,0.0
Test_29,0.0,0.0,1.0,0.0
Test_30,0.0,0.0,1.0,0.0
Test_31,0.0,0.0,1.0,0.0
Test_32,0.0,0.0,1.0,0.0
Test_33,0.0,0.0,1.0,0.0
Test_34,0.0,0.0,1.0,0.0
Test_35,0.0,0.0,1.0,0.0
Test_36,0.0,0.0,1.0,0.0
Test_37,0.0,0.0,1.0,0.0
Test_38,0.0,0.0,1.0,0.0
Test_39,0.0,0.0,1.0,0.0
Test_40,0.0,0.0,1.0,0.0
Test_41,0.0,0.0,1.0,0.0
Test_42,0.0,0.0,1.0,0.0
Test_43,0.0,0.0,1.0,0.0
Test_44,0.0,0.0,1.0,0.0
Test_45,0.0,0.0,1.0,0.0
Test_46,0.0,0.0,1.0,0.0
Test_47,0.0,0.0,1.0,0.0
Test_48,0.0,0.0,1.0,0.0
Test_49,0.0,0.0,1.0,0.0
Test_50,0.0,0.0,1.0,0.0
Test_51,0.0,0.0,1.0,0.0
Test_52,0.0,0.0,1.0,0.0
Test_53,0.0,0.0,1.0,0.0
Test_54,0.0,0.0,1.0,0.0
Test_55,0.0,0.0,1.0,0.0
Test_56,0.0,0.0,1.0,0.0
Test_57,0.0,0.0,1.0,0.0
Test_58,0.0,0.0,1.0,0.0
Test_59,0.0,0.0,1.0,0.0
Test_60,0.0,0.0,1.0,0.0
Test_61,0.0,0.0,1.0,0.0
Test_62,0.0,0.0,1.0,0.0
Test_63,0.0,0.0,1.0,0.0
Test_64,0.0,0.0,1.0,0.0
Test_65,0.0,0.0,1.0,0.0
Test_66,0.0,0.0,1.0,0.0
Test_67,0.0,0.0,1.0,0.0
Test_68,0.0,0.0,1.0,0.0
Test_69,0.0,0.0,1.0,0.0
Test_70,0.0,0.0,1.0,0.0
Test_71,0.0,0.0,1.0,0.0
Test_72,0.0,0.0,1.0,0.0
Test_73,0.0,0.0,1.0,0.0
Test_74,0.0,0.0,1.0,0.0
Test_75,0.0,0.0,1.0,0.0
Test_76,0.0,0.0,1.0,0.0
Test_77,0.0,0.0,1.0,0.0
Test_78,0.0,0.0,1.0,0.0
Test_79,0.0,0.0,1.0,0.0
Test_80,0.0,0.0,1.0,0.0
Test_81,0.0,0.0,1.0,0.0
Test_82,0.0,0.0,1.0,0.0
Test_83,0.0,0.0,1.0,0.0
Test_84,0.0,0.0,1.0,0.0
Test_85,0.0,0.0,1.0,0.0
Test_86,0.0,0.0,1.0,0.0
Test_87,0.0,0.0,1.0,0.0
Test_88,0.0,0.0,1.0,0.0
Test_89,0.0,0.0,1.0,0.0
Test_90,0.0,0.0,1.0,0.0
Test_91,0.0,0.0,1.0,0.0
Test_92,0.0,0.0,1.0,0.0
Test_93,0.0,0.0,1.0,0.0
Test_94,0.0,0.0,1.0,0.0
Test_95,0.0,0.0,1.0,0.0
Test_96,0.0,0.0,1.0,0.0
Test_97,0.0,0.0,1.0,0.0
Test_98,0.0,0.0,1.0,0.0
Test_99,0.0,0.0,1.0,0.0
Test_100,0.0,0.0,1.0,0.0
Test_101,0.0,0.0,1.0,0.0
Test_102,0.0,0.0,1.0,0.0
Test_103,0.0,0.0,1.0,0.0
Test_104,0.0,0.0,1.0,0.0
Test_105,0.0,0.0,1.0,0.0
Test_106,0.0,0.0,1.0,0.0
Test_107,0.0,0.0,1.0,0.0
Test_108,0.0,0.0,1.0,0.0
Test_109,0.0,0.0,1.0,0.0
Test_110,0.0,0.0,1.0,0.0
Test_111,0.0,0.0,1.0,0.0
Test_112,0.0,0.0,1.0,0.0
Test_113,0.0,0.0,1.0,0.0
Test_114,0.0,0.0,1.0,0.0
Test_115,0.0,0.0,1.0,0.0
Test_116,0.0,0.0,1.0,0.0
Test_117,0.0,0.0,1.0,0.0
Test_118,0.0,0.0,1.0,0.0
Test_119,0.0,0.0,1.0,0.0
Test_120,0.0,0.0,1.0,0.0
Test_121,0.0,0.0,1.0,0.0
Test_122,0.0,0.0,1.0,0.0
Test_123,0.0,0.0,1.0,0.0
Test_124,0.0,0.0,1.0,0.0
Test_125,0.0,0.0,1.0,0.0
Test_126,0.0,0.0,1.0,0.0
Test_127,0.0,0.0,1.0,0.0
Test_128,0.0,0.0,1.0,0.0
Test_129,0.0,0.0,1.0,0.0
Test_130,0.0,0.0,1.0,0.0
Test_131,0.0,0.0,1.0,0.0
Test_132,0.0,0.0,1.0,0.0
Test_133,0.0,0.0,1.0,0.0
Test_134,0.0,0.0,1.0,0.0
Test_135,0.0,0.0,1.0,0.0
Test_136,0.0,0.0,1.0,0.0
Test_137,0.0,0.0,1.0,0.0
Test_138,0.0,0.0,1.0,0.0
Test_139,0.0,0.0,1.0,0.0
Test_140,0.0,0.0,1.0,0.0
Test_141,0.0,0.0,1.0,0.0
Test_142,0.0,0.0,1.0,0.0
Test_143,0.0,0.0,1.0,0.0
Test_144,0.0,0.0,1.0,0.0
Test_145,0.0,0.0,1.0,0.0
Test_146,0.0,0.0,1.0,0.0
Test_147,0.0,0.0,1.0,0.0
Test_148,0.0,0.0,1.0,0.0
Test_149,0.0,0.0,1.0,0.0
Test_150,0.0,0.0,1.0,0.0
Test_151,0.0,0.0,1.0,0.0
Test_152,0.0,0.0,1.0,0.0
Test_153,0.0,0.0,1.0,0.0
Test_154,0.0,0.0,1.0,0.0
Test_155,0.0,0.0,1.0,0.0
Test_156,0.0,0.0,1.0,0.0
Test_157,0.0,0.0,1.0,0.0
Test_158,0.0,0.0,1.0,0.0
Test_159,0.0,0.0,1.0,0.0
Test_160,0.0,0.0,1.0,0.0
Test_161,0.0,0.0,1.0,0.0
Test_162,0.0,0.0,1.0,0.0
Test_163,0.0,0.0,1.0,0.0
Test_164,0.0,0.0,1.0,0.0
Test_165,0.0,0.0,1.0,0.0
Test_166,0.0,0.0,1.0,0.0
Test_167,0.0,0.0,1.0,0.0
Test_168,0.0,0.0,1.0,0.0
Test_169,0.0,0.0,1.0,0.0
Test_170,0.0,0.0,1.0,0.0
Test_171,0.0,0.0,1.0,0.0
Test_172,0.0,0.0,1.0,0.0
Test_173,0.0,0.0,1.0,0.0
Test_174,0.0,0.0,1.0,0.0
Test_175,0.0,0.0,1.0,0.0
Test_176,0.0,0.0,1.0,0.0
Test_177,0.0,0.0,1.0,0.0
Test_178,0.0,0.0,1.0,0.0
Test_179,0.0,0.0,1.0,0.0
Test_180,0.0,0.0,1.0,0.0
Test_181,0.0,0.0,1.0,0.0
Test_182,0.0,0.0,1.0,0.0
Test_183,0.0,0.0,1.0,0.0
Test_184,0.0,0.0,1.0,0.0
Test_185,0.0,0.0,1.0,0.0
Test_186,0.0,0.0,1.0,0.0
Test_187,0.0,0.0,1.0,0.0
Test_188,0.0,0.0,1.0,0.0
Test_189,0.0,0.0,1.0,0.0
Test_190,0.0,0.0,1.0,0.0
Test_191,0.0,0.0,1.0,0.0
Test_192,0.0,0.0,1.0,0.0
Test_193,0.0,0.0,1.0,0.0
Test_194,0.0,0.0,1.0,0.0
Test_195,0.0,0.0,1.0,0.0
Test_196,0.0,0.0,1.0,0.0
Test_197,0.0,0.0,1.0,0.0
Test_198,0.0,0.0,1.0,0.0
Test_199,0.0,0.0,1.0,0.0
Test_200,0.0,0.0,1.0,0.0
Test_201,0.0,0.0,1.0,0.0
Test_202,0.0,0.0,1.0,0.0
Test_203,0.0,0.0,1.0,0.0
Test_204,0.0,0.0,1.0,0.0
Test_205,0.0,0.0,1.0,0.0
Test_206,0.0,0.0,1.0,0.0
Test_207,0.0,0.0,1.0,0.0
Test_208,0.0,0.0,1.0,0.0
Test_209,0.0,0.0,1.0,0.0
Test_210,0.0,0.0,1.0,0.0
Test_211,0.0,0.0,1.0,0.0
Test_212,0.0,0.0,1.0,0.0
Test_213,0.0,0.0,1.0,0.0
Test_214,0.0,0.0,1.0,0.0
Test_215,0.0,0.0,1.0,0.0
Test_216,0.0,0.0,1.0,0.0
Test_217,0.0,0.0,1.0,0.0
Test_218,0.0,0.0,1.0,0.0
Test_219,0.0,0.0,1.0,0.0
Test_220,0.0,0.0,1.0,0.0
Test_221,0.0,0.0,1.0,0.0
Test_222,0.0,0.0,1.0,0.0
Test_223,0.0,0.0,1.0,0.0
Test_224,0.0,0.0,1.0,0.0
Test_225,0.0,0.0,1.0,0.0
Test_226,0.0,0.0,1.0,0.0
Test_227,0.0,0.0,1.0,0.0
Test_228,0.0,0.0,1.0,0.0
Test_229,0.0,0.0,1.0,0.0
Test_230,0.0,0.0,1.0,0.0
Test_231,0.0,0.0,1.0,0.0
Test_232,0.0,0.0,1.0,0.0
Test_233,0.0,0.0,1.0,0.0
Test_234,0.0,0.0,1.0,0.0
Test_235,0.0,0.0,1.0,0.0
Test_236,0.0,0.0,1.0,0.0
Test_237,0.0,0.0,1.0,0.0
Test_238,0.0,0.0,1.0,0.0
Test_239,0.0,0.0,1.0,0.0
Test_240,0.0,0.0,1.0,0.0
Test_241,0.0,0.0,1.0,0.0
Test_242,0.0,0.0,1.0,0.0
Test_243,0.0,0.0,1.0,0.0
Test_244,0.0,0.0,1.0,0.0
Test_245,0.0,0.0,1.0,0.0
Test_246,0.0,0.0,1.0,0.0
Test_247,0.0,0.0,1.0,0.0
Test_248,0.0,0.0,1.0,0.0
Test_249,0.0,0.0,1.0,0.0
Test_250,0.0,0.0,1.0,0.0
Test_251,0.0,0.0,1.0,0.0
Test_252,0.0,0.0,1.0,0.0
Test_253,0.0,0.0,1.0,0.0
Test_254,0.0,0.0,1.0,0.0
Test_255,0.0,0.0,1.0,0.0
Test_256,0.0,0.0,1.0,0.0
Test_257,0.0,0.0,1.0,0.0
Test_258,0.0,0.0,1.0,0.0
Test_259,0.0,0.0,1.0,0.0
Test_260,0.0,0.0,1.0,0.0
Test_261,0.0,0.0,1.0,0.0
Test_262,0.0,0.0,1.0,0.0
Test_263,0.0,0.0,1.0,0.0
Test_264,0.0,0.0,1.0,0.0
Test_265,0.0,0.0,1.0,0.0
Test_266,0.0,0.0,1.0,0.0
Test_267,0.0,0.0,1.0,0.0
Test_268,0.0,0.0,1.0,0.0
Test_269,0.0,0.0,1.0,0.0
Test_270,0.0,0.0,1.0,0.0
Test_271,0.0,0.0,1.0,0.0
Test_272,0.0,0.0,1.0,0.0
Test_273,0.0,0.0,1.0,0.0
Test_274,0.0,0.0,1.0,0.0
Test_275,0.0,0.0,1.0,0.0
Test_276,0.0,0.0,1.0,0.0
Test_277,0.0,0.0,1.0,0.0
Test_278,0.0,0.0,1.0,0.0
Test_279,0.0,0.0,1.0,0.0
Test_280,0.0,0.0,1.0,0.0
Test_281,0.0,0.0,1.0,0.0
Test_282,0.0,0.0,1.0,0.0
Test_283,0.0,0.0,1.0,0.0
Test_284,0.0,0.0,1.0,0.0
Test_285,0.0,0.0,1.0,0.0
Test_286,0.0,0.0,1.0,0.0
Test_287,0.0,0.0,1.0,0.0
Test_288,0.0,0.0,1.0,0.0
Test_289,0.0,0.0,1.0,0.0
Test_290,0.0,0.0,1.0,0.0
Test_291,0.0,0.0,1.0,0.0
Test_292,0.0,0.0,1.0,0.0
Test_293,0.0,0.0,1.0,0.0
Test_294,0.0,0.0,1.0,0.0
Test_295,0.0,0.0,1.0,0.0
Test_296,0.0,0.0,1.0,0.0
Test_297,0.0,0.0,1.0,0.0
Test_298,0.0,0.0,1.0,0.0
Test_299,0.0,0.0,1.0,0.0
Test_300,0.0,0.0,1.0,0.0
Test_301,0.0,0.0,1.0,0.0
Test_302,0.0,0.0,1.0,0.0
Test_303,0.0,0.0,1.0,0.0
Test_304,0.0,0.0,1.0,0.0
Test_305,0.0,0.0,1.0,0.0
Test_306,0.0,0.0,1.0,0.0
Test_307,0.0,0.0,1.0,0.0
Test_308,0.0,0.0,1.0,0.0
Test_309,0.0,0.0,1.0,0.0
Test_310,0.0,0.0,1.0,0.0
Test_311,0.0,0.0,1.0,0.0
Test_312,0.0,0.0,1.0,0.0
Test_313,0.0,0.0,1.0,0.0
Test_314,0.0,0.0,1.0,0.0
Test_315,0.0,0.0,1.0,0.0
Test_316,0.0,0.0,1.0,0.0
Test_317,0.0,0.0,1.0,0.0
Test_318,0.0,0.0,1.0,0.0
Test_319,0.0,0.0,1.0,0.0
Test_320,0.0,0.0,1.0,0.0
Test_321,0.0,0.0,1.0,0.0
Test_322,0.0,0.0,1.0,0.0
Test_323,0.0,0.0,1.0,0.0
Test_324,0.0,0.0,1.0,0.0
Test_325,0.0,0.0,1.0,0.0
Test_326,0.0,0.0,1.0,0.0
Test_327,0.0,0.0,1.0,0.0
Test_328,0.0,0.0,1.0,0.0
Test_329,0.0,0.0,1.0,0.0
Test_330,0.0,0.0,1.0,0.0
Test_331,0.0,0.0,1.0,0.0
Test_332,0.0,0.0,1.0,0.0
Test_333,0.0,0.0,1.0,0.0
Test_334,0.0,0.0,1.0,0.0
Test_335,0.0,0.0,1.0,0.0
Test_336,0.0,0.0,1.0,0.0
Test_337,0.0,0.0,1.0,0.0
Test_338,0.0,0.0,1.0,0.0
Test_339,0.0,0.0,1.0,0.0
Test_340,0.0,0.0,1.0,0.0
Test_341,0.0,0.0,1.0,0.0
Test_342,0.0,0.0,1.0,0.0
Test_343,0.0,0.0,1.0,0.0
Test_344,0.0,0.0,1.0,0.0
Test_345,0.0,0.0,1.0,0.0
Test_346,0.0,0.0,1.0,0.0
Test_347,0.0,0.0,1.0,0.0
Test_348,0.0,0.0,1.0,0.0
Test_349,0.0,0.0,1.0,0.0
Test_350,0.0,0.0,1.0,0.0
Test_351,0.0,0.0,1.0,0.0
Test_352,0.0,0.0,1.0,0.0
Test_353,0.0,0.0,1.0,0.0
Test_354,0.0,0.0,1.0,0.0
Test_355,0.0,0.0,1.0,0.0
Test_356,0.0,0.0,1.0,0.0
Test_357,0.0,0.0,1.0,0.0
Test_358,0.0,0.0,1.0,0.0
Test_359,0.0,0.0,1.0,0.0
Test_360,0.0,0.0,1.0,0.0
Test_361,0.0,0.0,1.0,0.0
Test_362,0.0,0.0,1.0,0.0
Test_363,0.0,0.0,1.0,0.0
Test_364,0.0,0.0,1.0,0.0
Test_365,0.0,0.0,1.0,0.0
Test_366,0.0,0.0,1.0,0.0
Test_367,0.0,0.0,1.0,0.0
Test_368,0.0,0.0,1.0,0.0
Test_369,0.0,0.0,1.0,0.0
Test_370,0.0,0.0,1.0,0.0
Test_371,0.0,0.0,1.0,0.0
Test_372,0.0,0.0,1.0,0.0
Test_373,0.0,0.0,1.0,0.0
Test_374,0.0,0.0,1.0,0.0
Test_375,0.0,0.0,1.0,0.0
Test_376,0.0,0.0,1.0,0.0
Test_377,0.0,0.0,1.0,0.0
Test_378,0.0,0.0,1.0,0.0
Test_379,0.0,0.0,1.0,0.0
Test_380,0.0,0.0,1.0,0.0
Test_381,0.0,0.0,1.0,0.0
Test_382,0.0,0.0,1.0,0.0
Test_383,0.0,0.0,1.0,0.0
Test_384,0.0,0.0,1.0,0.0
Test_385,0.0,0.0,1.0,0.0
Test_386,0.0,0.0,1.0,0.0
Test_387,0.0,0.0,1.0,0.0
Test_388,0.0,0.0,1.0,0.0
Test_389,0.0,0.0,1.0,0.0
Test_390,0.0,0.0,1.0,0.0
Test_391,0.0,0.0,1.0,0.0
Test_392,0.0,0.0,1.0,0.0
Test_393,0.0,0.0,1.0,0.0
Test_394,0.0,0.0,1.0,0.0
Test_395,0.0,0.0,1.0,0.0
Test_396,0.0,0.0,1.0,0.0
Test_397,0.0,0.0,1.0,0.0
Test_398,0.0,0.0,1.0,0.0
Test_399,0.0,0.0,1.0,0.0
Test_400,0.0,0.0,1.0,0.0
Test_401,0.0,0.0,1.0,0.0
Test_402,0.0,0.0,1.0,0.0
Test_403,0.0,0.0,1.0,0.0
Test_404,0.0,0.0,1.0,0.0
Test_405,0.0,0.0,1.0,0.0
Test_406,0.0,0.0,1.0,0.0
Test_407,0.0,0.0,1.0,0.0
Test_408,0.0,0.0,1.0,0.0
Test_409,0.0,0.0,1.0,0.0
Test_410,0.0,0.0,1.0,0.0
Test_411,0.0,0.0,1.0,0.0
Test_412,0.0,0.0,1.0,0.0
Test_413,0.0,0.0,1.0,0.0
Test_414,0.0,0.0,1.0,0.0
Test_415,0.0,0.0,1.0,0.0
Test_416,0.0,0.0,1.0,0.0
Test_417,0.0,0.0,1.0,0.0
Test_418,0.0,0.0,1.0,0.0
Test_419,0.0,0.0,1.0,0.0
Test_420,0.0,0.0,1.0,0.0
Test_421,0.0,0.0,1.0,0.0
Test_422,0.0,0.0,1.0,0.0
Test_423,0.0,0.0,1.0,0.0
Test_424,0.0,0.0,1.0,0.0
Test_425,0.0,0.0,1.0,0.0
Test_426,0.0,0.0,1.0,0.0
Test_427,0.0,0.0,1.0,0.0
Test_428,0.0,0.0,1.0,0.0
Test_429,0.0,0.0,1.0,0.0
Test_430,0.0,0.0,1.0,0.0
Test_431,0.0,0.0,1.0,0.0
Test_432,0.0,0.0,1.0,0.0
Test_433,0.0,0.0,1.0,0.0
Test_434,0.0,0.0,1.0,0.0
Test_435,0.0,0.0,1.0,0.0
Test_436,0.0,0.0,1.0,0.0
Test_437,0.0,0.0,1.0,0.0
Test_438,0.0,0.0,1.0,0.0
Test_439,0.0,0.0,1.0,0.0
Test_440,0.0,0.0,1.0,0.0
Test_441,0.0,0.0,1.0,0.0
Test_442,0.0,0.0,1.0,0.0
Test_443,0.0,0.0,1.0,0.0
Test_444,0.0,0.0,1.0,0.0
Test_445,0.0,0.0,1.0,0.0
Test_446,0.0,0.0,1.0,0.0
Test_447,0.0,0.0,1.0,0.0
Test_448,0.0,0.0,1.0,0.0
Test_449,0.0,0.0,1.0,0.0
Test_450,0.0,0.0,1.0,0.0
Test_451,0.0,0.0,1.0,0.0
Test_452,0.0,0.0,1.0,0.0
Test_453,0.0,0.0,1.0,0.0
Test_454,0.0,0.0,1.0,0.0
Test_455,0.0,0.0,1.0,0.0
Test_456,0.0,0.0,1.0,0.0
Test_457,0.0,0.0,1.0,0.0
Test_458,0.0,0.0,1.0,0.0
Test_459,0.0,0.0,1.0,0.0
Test_460,0.0,0.0,1.0,0.0
Test_461,0.0,0.0,1.0,0.0
Test_462,0.0,0.0,1.0,0.0
Test_463,0.0,0.0,1.0,0.0
Test_464,0.0,0.0,1.0,0.0
Test_465,0.0,0.0,1.0,0.0
Test_466,0.0,0.0,1.0,0.0
Test_467,0.0,0.0,1.0,0.0
Test_468,0.0,0.0,1.0,0.0
Test_469,0.0,0.0,1.0,0.0
Test_470,0.0,0.0,1.0,0.0
Test_471,0.0,0.0,1.0,0.0
Test_472,0.0,0.0,1.0,0.0
Test_473,0.0,0.0,1.0,0.0
Test_474,0.0,0.0,1.0,0.0
Test_475,0.0,0.0,1.0,0.0
Test_476,0.0,0.0,1.0,0.0
Test_477,0.0,0.0,1.0,0.0
Test_478,0.0,0.0,1.0,0.0
Test_479,0.0,0.0,1.0,0.0
Test_480,0.0,0.0,1.0,0.0
Test_481,0.0,0.0,1.0,0.0
Test_482,0.0,0.0,1.0,0.0
Test_483,0.0,0.0,1.0,0.0
Test_484,0.0,0.0,1.0,0.0
Test_485,0.0,0.0,1.0,0.0
Test_486,0.0,0.0,1.0,0.0
Test_487,0.0,0.0,1.0,0.0
Test_488,0.0,0.0,1.0,0.0
Test_489,0.0,0.0,1.0,0.0
Test_490,0.0,0.0,1.0,0.0
Test_491,0.0,0.0,1.0,0.0
Test_492,0.0,0.0,1.0,0.0
Test_493,0.0,0.0,1.0,0.0
Test_494,0.0,0.0,1.0,0.0
Test_495,0.0,0.0,1.0,0.0
Test_496,0.0,0.0,1.0,0.0
Test_497,0.0,0.0,1.0,0.0
Test_498,0.0,0.0,1.0,0.0
Test_499,0.0,0.0,1.0,0.0
Test_500,0.0,0.0,1.0,0.0
Test_501,0.0,0.0,1.0,0.0
Test_502,0.0,0.0,1.0,0.0
Test_503,0.0,0.0,1.0,0.0
Test_504,0.0,0.0,1.0,0.0
Test_505,0.0,0.0,1.0,0.0
Test_506,0.0,0.0,1.0,0.0
Test_507,0.0,0.0,1.0,0.0
Test_508,0.0,0.0,1.0,0.0
Test_509,0.0,0.0,1.0,0.0
Test_510,0.0,0.0,1.0,0.0
Test_511,0.0,0.0,1.0,0.0
Test_512,0.0,0.0,1.0,0.0
Test_513,0.0,0.0,1.0,0.0
Test_514,0.0,0.0,1.0,0.0
Test_515,0.0,0.0,1.0,0.0
Test_516,0.0,0.0,1.0,0.0
Test_517,0.0,0.0,1.0,0.0
Test_518,0.0,0.0,1.0,0.0
Test_519,0.0,0.0,1.0,0.0
Test_520,0.0,0.0,1.0,0.0
Test_521,0.0,0.0,1.0,0.0
Test_522,0.0,0.0,1.0,0.0
Test_523,0.0,0.0,1.0,0.0
Test_524,0.0,0.0,1.0,0.0
Test_525,0.0,0.0,1.0,0.0
Test_526,0.0,0.0,1.0,0.0
Test_527,0.0,0.0,1.0,0.0
Test_528,0.0,0.0,1.0,0.0
Test_529,0.0,0.0,1.0,0.0
Test_530,0.0,0.0,1.0,0.0
Test_531,0.0,0.0,1.0,0.0
Test_532,0.0,0.0,1.0,0.0
Test_533,0.0,0.0,1.0,0.0
Test_534,0.0,0.0,1.0,0.0
Test_535,0.0,0.0,1.0,0.0
Test_536,0.0,0.0,1.0,0.0
Test_537,0.0,0.0,1.0,0.0
Test_538,0.0,0.0,1.0,0.0
Test_539,0.0,0.0,1.0,0.0
Test_540,0.0,0.0,1.0,0.0
Test_541,0.0,0.0,1.0,0.0
Test_542,0.0,0.0,1.0,0.0
Test_543,0.0,0.0,1.0,0.0
Test_544,0.0,0.0,1.0,0.0
Test_545,0.0,0.0,1.0,0.0
Test_546,0.0,0.0,1.0,0.0
Test_547,0.0,0.0,1.0,0.0
Test_548,0.0,0.0,1.0,0.0
Test_549,0.0,0.0,1.0,0.0
Test_550,0.0,0.0,1.0,0.0
Test_551,0.0,0.0,1.0,0.0
Test_552,0.0,0.0,1.0,0.0
Test_553,0.0,0.0,1.0,0.0
Test_554,0.0,0.0,1.0,0.0
Test_555,0.0,0.0,1.0,0.0
Test_556,0.0,0.0,1.0,0.0
Test_557,0.0,0.0,1.0,0.0
Test_558,0.0,0.0,1.0,0.0
Test_559,0.0,0.0,1.0,0.0
Test_560,0.0,0.0,1.0,0.0
Test_561,0.0,0.0,1.0,0.0
Test_562,0.0,0.0,1.0,0.0
Test_563,0.0,0.0,1.0,0.0
Test_564,0.0,0.0,1.0,0.0
Test_565,0.0,0.0,1.0,0.0
Test_566,0.0,0.0,1.0,0.0
Test_567,0.0,0.0,1.0,0.0
Test_568,0.0,0.0,1.0,0.0
Test_569,0.0,0.0,1.0,0.0
Test_570,0.0,0.0,1.0,0.0
Test_571,0.0,0.0,1.0,0.0
Test_572,0.0,0.0,1.0,0.0
Test_573,0.0,0.0,1.0,0.0
Test_574,0.0,0.0,1.0,0.0
Test_575,0.0,0.0,1.0,0.0
Test_576,0.0,0.0,1.0,0.0
Test_577,0.0,0.0,1.0,0.0
Test_578,0.0,0.0,1.0,0.0
Test_579,0.0,0.0,1.0,0.0
Test_580,0.0,0.0,1.0,0.0
Test_581,0.0,0.0,1.0,0.0
Test_582,0.0,0.0,1.0,0.0
Test_583,0.0,0.0,1.0,0.0
Test_584,0.0,0.0,1.0,0.0
Test_585,0.0,0.0,1.0,0.0
Test_586,0.0,0.0,1.0,0.0
Test_587,0.0,0.0,1.0,0.0
Test_588,0.0,0.0,1.0,0.0
Test_589,0.0,0.0,1.0,0.0
Test_590,0.0,0.0,1.0,0.0
Test_591,0.0,0.0,1.0,0.0
Test_592,0.0,0.0,1.0,0.0
Test_593,0.0,0.0,1.0,0.0
Test_594,0.0,0.0,1.0,0.0
Test_595,0.0,0.0,1.0,0.0
Test_596,0.0,0.0,1.0,0.0
Test_597,0.0,0.0,1.0,0.0
Test_598,0.0,0.0,1.0,0.0
Test_599,0.0,0.0,1.0,0.0
Test_600,0.0,0.0,1.0,0.0
Test_601,0.0,0.0,1.0,0.0
Test_602,0.0,0.0,1.0,0.0
Test_603,0.0,0.0,1.0,0.0
Test_604,0.0,0.0,1.0,0.0
Test_605,0.0,0.0,1.0,0.0
Test_606,0.0,0.0,1.0,0.0
Test_607,0.0,0.0,1.0,0.0
Test_608,0.0,0.0,1.0,0.0
Test_609,0.0,0.0,1.0,0.0
Test_610,0.0,0.0,1.0,0.0
Test_611,0.0,0.0,1.0,0.0
Test_612,0.0,0.0,1.0,0.0
Test_613,0.0,0.0,1.0,0.0
Test_614,0.0,0.0,1.0,0.0
Test_615,0.0,0.0,1.0,0.0
Test_616,0.0,0.0,1.0,0.0
Test_617,0.0,0.0,1.0,0.0
Test_618,0.0,0.0,1.0,0.0
Test_619,0.0,0.0,1.0,0.0
Test_620,0.0,0.0,1.0,0.0
Test_621,0.0,0.0,1.0,0.0
Test_622,0.0,0.0,1.0,0.0
Test_623,0.0,0.0,1.0,0.0
Test_624,0.0,0.0,1.0,0.0
Test_625,0.0,0.0,1.0,0.0
Test_626,0.0,0.0,1.0,0.0
Test_627,0.0,0.0,1.0,0.0
Test_628,0.0,0.0,1.0,0.0
Test_629,0.0,0.0,1.0,0.0
Test_630,0.0,0.0,1.0,0.0
Test_631,0.0,0.0,1.0,0.0
Test_632,0.0,0.0,1.0,0.0
Test_633,0.0,0.0,1.0,0.0
Test_634,0.0,0.0,1.0,0.0
Test_635,0.0,0.0,1.0,0.0
Test_636,0.0,0.0,1.0,0.0
Test_637,0.0,0.0,1.0,0.0
Test_638,0.0,0.0,1.0,0.0
Test_639,0.0,0.0,1.0,0.0
Test_640,0.0,0.0,1.0,0.0
Test_641,0.0,0.0,1.0,0.0
Test_642,0.0,0.0,1.0,0.0
Test_643,0.0,0.0,1.0,0.0
Test_644,0.0,0.0,1.0,0.0
Test_645,0.0,0.0,1.0,0.0
Test_646,0.0,0.0,1.0,0.0
Test_647,0.0,0.0,1.0,0.0
Test_648,0.0,0.0,1.0,0.0
Test_649,0.0,0.0,1.0,0.0
Test_650,0.0,0.0,1.0,0.0
Test_651,0.0,0.0,1.0,0.0
Test_652,0.0,0.0,1.0,0.0
Test_653,0.0,0.0,1.0,0.0
Test_654,0.0,0.0,1.0,0.0
Test_655,0.0,0.0,1.0,0.0
Test_656,0.0,0.0,1.0,0.0
Test_657,0.0,0.0,1.0,0.0
Test_658,0.0,0.0,1.0,0.0
Test_659,0.0,0.0,1.0,0.0
Test_660,0.0,0.0,1.0,0.0
Test_661,0.0,0.0,1.0,0.0
Test_662,0.0,0.0,1.0,0.0
Test_663,0.0,0.0,1.0,0.0
Test_664,0.0,0.0,1.0,0.0
Test_665,0.0,0.0,1.0,0.0
Test_666,0.0,0.0,1.0,0.0
Test_667,0.0,0.0,1.0,0.0
Test_668,0.0,0.0,1.0,0.0
Test_669,0.0,0.0,1.0,0.0
Test_670,0.0,0.0,1.0,0.0
Test_671,0.0,0.0,1.0,0.0
Test_672,0.0,0.0,1.0,0.0
Test_673,0.0,0.0,1.0,0.0
Test_674,0.0,0.0,1.0,0.0
Test_675,0.0,0.0,1.0,0.0
Test_676,0.0,0.0,1.0,0.0
Test_677,0.0,0.0,1.0,0.0
Test_678,0.0,0.0,1.0,0.0
Test_679,0.0,0.0,1.0,0.0
Test_680,0.0,0.0,1.0,0.0
Test_681,0.0,0.0,1.0,0.0
Test_682,0.0,0.0,1.0,0.0
Test_683,0.0,0.0,1.0,0.0
Test_684,0.0,0.0,1.0,0.0
Test_685,0.0,0.0,1.0,0.0
Test_686,0.0,0.0,1.0,0.0
Test_687,0.0,0.0,1.0,0.0
Test_688,0.0,0.0,1.0,0.0
Test_689,0.0,0.0,1.0,0.0
Test_690,0.0,0.0,1.0,0.0
Test_691,0.0,0.0,1.0,0.0
Test_692,0.0,0.0,1.0,0.0
Test_693,0.0,0.0,1.0,0.0
Test_694,0.0,0.0,1.0,0.0
Test_695,0.0,0.0,1.0,0.0
Test_696,0.0,0.0,1.0,0.0
Test_697,0.0,0.0,1.0,0.0
Test_698,0.0,0.0,1.0,0.0
Test_699,0.0,0.0,1.0,0.0
Test_700,0.0,0.0,1.0,0.0
Test_701,0.0,0.0,1.0,0.0
Test_702,0.0,0.0,1.0,0.0
Test_703,0.0,0.0,1.0,0.0
Test_704,0.0,0.0,1.0,0.0
Test_705,0.0,0.0,1.0,0.0
Test_706,0.0,0.0,1.0,0.0
Test_707,0.0,0.0,1.0,0.0
Test_708,0.0,0.0,1.0,0.0
Test_709,0.0,0.0,1.0,0.0
Test_710,0.0,0.0,1.0,0.0
Test_711,0.0,0.0,1.0,0.0
Test_712,0.0,0.0,1.0,0.0
Test_713,0.0,0.0,1.0,0.0
Test_714,0.0,0.0,1.0,0.0
Test_715,0.0,0.0,1.0,0.0
Test_716,0.0,0.0,1.0,0.0
Test_717,0.0,0.0,1.0,0.0
Test_718,0.0,0.0,1.0,0.0
Test_719,0.0,0.0,1.0,0.0
Test_720,0.0,0.0,1.0,0.0
Test_721,0.0,0.0,1.0,0.0
Test_722,0.0,0.0,1.0,0.0
Test_723,0.0,0.0,1.0,0.0
Test_724,0.0,0.0,1.0,0.0
Test_725,0.0,0.0,1.0,0.0
Test_726,0.0,0.0,1.0,0.0
Test_727,0.0,0.0,1.0,0.0
Test_728,0.0,0.0,1.0,0.0
Test_729,0.0,0.0,1.0,0.0
Test_730,0.0,0.0,1.0,0.0
Test_731,0.0,0.0,1.0,0.0
Test_732,0.0,0.0,1.0,0.0
Test_733,0.0,0.0,1.0,0.0
Test_734,0.0,0.0,1.0,0.0
Test_735,0.0,0.0,1.0,0.0
Test_736,0.0,0.0,1.0,0.0
Test_737,0.0,0.0,1.0,0.0
Test_738,0.0,0.0,1.0,0.0
Test_739,0.0,0.0,1.0,0.0
Test_740,0.0,0.0,1.0,0.0
Test_741,0.0,0.0,1.0,0.0
Test_742,0.0,0.0,1.0,0.0
Test_743,0.0,0.0,1.0,0.0
Test_744,0.0,0.0,1.0,0.0
Test_745,0.0,0.0,1.0,0.0
Test_746,0.0,0.0,1.0,0.0
Test_747,0.0,0.0,1.0,0.0
Test_748,0.0,0.0,1.0,0.0
Test_749,0.0,0.0,1.0,0.0
Test_750,0.0,0.0,1.0,0.0
Test_751,0.0,0.0,1.0,0.0
Test_752,0.0,0.0,1.0,0.0
Test_753,0.0,0.0,1.0,0.0
Test_754,0.0,0.0,1.0,0.0
Test_755,0.0,0.0,1.0,0.0
Test_756,0.0,0.0,1.0,0.0
Test_757,0.0,0.0,1.0,0.0
Test_758,0.0,0.0,1.0,0.0
Test_759,0.0,0.0,1.0,0.0
Test_760,0.0,0.0,1.0,0.0
Test_761,0.0,0.0,1.0,0.0
Test_762,0.0,0.0,1.0,0.0
Test_763,0.0,0.0,1.0,0.0
Test_764,0.0,0.0,1.0,0.0
Test_765,0.0,0.0,1.0,0.0
Test_766,0.0,0.0,1.0,0.0
Test_767,0.0,0.0,1.0,0.0
Test_768,0.0,0.0,1.0,0.0
Test_769,0.0,0.0,1.0,0.0
Test_770,0.0,0.0,1.0,0.0
Test_771,0.0,0.0,1.0,0.0
Test_772,0.0,0.0,1.0,0.0
Test_773,0.0,0.0,1.0,0.0
Test_774,0.0,0.0,1.0,0.0
Test_775,0.0,0.0,1.0,0.0
Test_776,0.0,0.0,1.0,0.0
Test_777,0.0,0.0,1.0,0.0
Test_778,0.0,0.0,1.0,0.0
Test_779,0.0,0.0,1.0,0.0
Test_780,0.0,0.0,1.0,0.0
Test_781,0.0,0.0,1.0,0.0
Test_782,0.0,0.0,1.0,0.0
Test_783,0.0,0.0,1.0,0.0
Test_784,0.0,0.0,1.0,0.0
Test_785,0.0,0.0,1.0,0.0
Test_786,0.0,0.0,1.0,0.0
Test_787,0.0,0.0,1.0,0.0
Test_788,0.0,0.0,1.0,0.0
Test_789,0.0,0.0,1.0,0.0
Test_790,0.0,0.0,1.0,0.0
Test_791,0.0,0.0,1.0,0.0
Test_792,0.0,0.0,1.0,0.0
Test_793,0.0,0.0,1.0,0.0
Test_794,0.0,0.0,1.0,0.0
Test_795,0.0,0.0,1.0,0.0
Test_796,0.0,0.0,1.0,0.0
Test_797,0.0,0.0,1.0,0.0
Test_798,0.0,0.0,1.0,0.0
Test_799,0.0,0.0,1.0,0.0
Test_800,0.0,0.0,1.0,0.0
Test_801,0.0,0.0,1.0,0.0
Test_802,0.0,0.0,1.0,0.0
Test_803,0.0,0.0,1.0,0.0
Test_804,0.0,0.0,1.0,0.0
Test_805,0.0,0.0,1.0,0.0
Test_806,0.0,0.0,1.0,0.0
Test_807,0.0,0.0,1.0,0.0
Test_808,0.0,0.0,1.0,0.0
Test_809,0.0,0.0,1.0,0.0
Test_810,0.0,0.0,1.0,0.0
Test_811,0.0,0.0,1.0,0.0
Test_812,0.0,0.0,1.0,0.0
Test_813,0.0,0.0,1.0,0.0
Test_814,0.0,0.0,1.0,0.0
Test_815,0.0,0.0,1.0,0.0
Test_816,0.0,0.0,1.0,0.0
Test_817,0.0,0.0,1.0,0.0
Test_818,0.0,0.0,1.0,0.0
Test_819,0.0,0.0,1.0,0.0
Test_820,0.0,0.0,1.0,0.0
Test_821,0.0,0.0,1.0,0.0
Test_822,0.0,0.0,1.0,0.0
Test_823,0.0,0.0,1.0,0.0
Test_824,0.0,0.0,1.0,0.0
Test_825,0.0,0.0,1.0,0.0
Test_826,0.0,0.0,1.0,0.0
Test_827,0.0,0.0,1.0,0.0
Test_828,0.0,0.0,1.0,0.0
Test_829,0.0,0.0,1.0,0.0
Test_830,0.0,0.0,1.0,0.0
Test_831,0.0,0.0,1.0,0.0
Test_832,0.0,0.0,1.0,0.0
Test_833,0.0,0.0,1.0,0.0
Test_834,0.0,0.0,1.0,0.0
Test_835,0.0,0.0,1.0,0.0
Test_836,0.0,0.0,1.0,0.0
Test_837,0.0,0.0,1.0,0.0
Test_838,0.0,0.0,1.0,0.0
Test_839,0.0,0.0,1.0,0.0
Test_840,0.0,0.0,1.0,0.0
Test_841,0.0,0.0,1.0,0.0
Test_842,0.0,0.0,1.0,0.0
Test_843,0.0,0.0,1.0,0.0
Test_844,0.0,0.0,1.0,0.0
Test_845,0.0,0.0,1.0,0.0
Test_846,0.0,0.0,1.0,0.0
Test_847,0.0,0.0,1.0,0.0
Test_848,0.0,0.0,1.0,0.0
Test_849,0.0,0.0,1.0,0.0
Test_850,0.0,0.0,1.0,0.0
Test_851,0.0,0.0,1.0,0.0
Test_852,0.0,0.0,1.0,0.0
Test_853,0.0,0.0,1.0,0.0
Test_854,0.0,0.0,1.0,0.0
Test_855,0.0,0.0,1.0,0.0
Test_856,0.0,0.0,1.0,0.0
Test_857,0.0,0.0,1.0,0.0
Test_858,0.0,0.0,1.0,0.0
Test_859,0.0,0.0,1.0,0.0
Test_860,0.0,0.0,1.0,0.0
Test_861,0.0,0.0,1.0,0.0
Test_862,0.0,0.0,1.0,0.0
Test_863,0.0,0.0,1.0,0.0
Test_864,0.0,0.0,1.0,0.0
Test_865,0.0,0.0,1.0,0.0
Test_866,0.0,0.0,1.0,0.0
Test_867,0.0,0.0,1.0,0.0
Test_868,0.0,0.0,1.0,0.0
Test_869,0.0,0.0,1.0,0.0
Test_870,0.0,0.0,1.0,0.0
Test_871,0.0,0.0,1.0,0.0
Test_872,0.0,0.0,1.0,0.0
Test_873,0.0,0.0,1.0,0.0
Test_874,0.0,0.0,1.0,0.0
Test_875,0.0,0.0,1.0,0.0
Test_876,0.0,0.0,1.0,0.0
Test_877,0.0,0.0,1.0,0.0
Test_878,0.0,0.0,1.0,0.0
Test_879,0.0,0.0,1.0,0.0
Test_880,0.0,0.0,1.0,0.0
Test_881,0.0,0.0,1.0,0.0
Test_882,0.0,0.0,1.0,0.0
Test_883,0.0,0.0,1.0,0.0
Test_884,0.0,0.0,1.0,0.0
Test_885,0.0,0.0,1.0,0.0
Test_886,0.0,0.0,1.0,0.0
Test_887,0.0,0.0,1.0,0.0
Test_888,0.0,0.0,1.0,0.0
Test_889,0.0,0.0,1.0,0.0
Test_890,0.0,0.0,1.0,0.0
Test_891,0.0,0.0,1.0,0.0
Test_892,0.0,0.0,1.0,0.0
Test_893,0.0,0.0,1.0,0.0
Test_894,0.0,0.0,1.0,0.0
Test_895,0.0,0.0,1.0,0.0
Test_896,0.0,0.0,1.0,0.0
Test_897,0.0,0.0,1.0,0.0
Test_898,0.0,0.0,1.0,0.0
Test_899,0.0,0.0,1.0,0.0
Test_900,0.0,0.0,1.0,0.0
Test_901,0.0,0.0,1.0,0.0
Test_902,0.0,0.0,1.0,0.0
Test_903,0.0,0.0,1.0,0.0
Test_904,0.0,0.0,1.0,0.0
Test_905,0.0,0.0,1.0,0.0
Test_906,0.0,0.0,1.0,0.0
Test_907,0.0,0.0,1.0,0.0
Test_908,0.0,0.0,1.0,0.0
Test_909,0.0,0.0,1.0,0.0
Test_910,0.0,0.0,1.0,0.0
Test_911,0.0,0.0,1.0,0.0
Test_912,0.0,0.0,1.0,0.0
Test_913,0.0,0.0,1.0,0.0
Test_914,0.0,0.0,1.0,0.0
Test_915,0.0,0.0,1.0,0.0
Test_916,0.0,0.0,1.0,0.0
Test_917,0.0,0.0,1.0,0.0
Test_918,0.0,0.0,1.0,0.0
Test_919,0.0,0.0,1.0,0.0
Test_920,0.0,0.0,1.0,0.0
Test_921,0.0,0.0,1.0,0.0
Test_922,0.0,0.0,1.0,0.0
Test_923,0.0,0.0,1.0,0.0
Test_924,0.0,0.0,1.0,0.0
Test_925,0.0,0.0,1.0,0.0
Test_926,0.0,0.0,1.0,0.0
Test_927,0.0,0.0,1.0,0.0
Test_928,0.0,0.0,1.0,0.0
Test_929,0.0,0.0,1.0,0.0
Test_930,0.0,0.0,1.0,0.0
Test_931,0.0,0.0,1.0,0.0
Test_932,0.0,0.0,1.0,0.0
Test_933,0.0,0.0,1.0,0.0
Test_934,0.0,0.0,1.0,0.0
Test_935,0.0,0.0,1.0,0.0
Test_936,0.0,0.0,1.0,0.0
Test_937,0.0,0.0,1.0,0.0
Test_938,0.0,0.0,1.0,0.0
Test_939,0.0,0.0,1.0,0.0
Test_940,0.0,0.0,1.0,0.0
Test_941,0.0,0.0,1.0,0.0
Test_942,0.0,0.0,1.0,0.0
Test_943,0.0,0.0,1.0,0.0
Test_944,0.0,0.0,1.0,0.0
Test_945,0.0,0.0,1.0,0.0
Test_946,0.0,0.0,1.0,0.0
Test_947,0.0,0.0,1.0,0.0
Test_948,0.0,0.0,1.0,0.0
Test_949,0.0,0.0,1.0,0.0
Test_950,0.0,0.0,1.0,0.0
Test_951,0.0,0.0,1.0,0.0
Test_952,0.0,0.0,1.0,0.0
Test_953,0.0,0.0,1.0,0.0
Test_954,0.0,0.0,1.0,0.0
Test_955,0.0,0.0,1.0,0.0
Test_956,0.0,0.0,1.0,0.0
Test_957,0.0,0.0,1.0,0.0
Test_958,0.0,0.0,1.0,0.0
Test_959,0.0,0.0,1.0,0.0
Test_960,0.0,0.0,1.0,0.0
Test_961,0.0,0.0,1.0,0.0
Test_962,0.0,0.0,1.0,0.0
Test_963,0.0,0.0,1.0,0.0
Test_964,0.0,0.0,1.0,0.0
Test_965,0.0,0.0,1.0,0.0
Test_966,0.0,0.0,1.0,0.0
Test_967,0.0,0.0,1.0,0.0
Test_968,0.0,0.0,1.0,0.0
Test_969,0.0,0.0,1.0,0.0
Test_970,0.0,0.0,1.0,0.0
Test_971,0.0,0.0,1.0,0.0
Test_972,0.0,0.0,1.0,0.0
Test_973,0.0,0.0,1.0,0.0
Test_974,0.0,0.0,1.0,0.0
Test_975,0.0,0.0,1.0,0.0
Test_976,0.0,0.0,1.0,0.0
Test_977,0.0,0.0,1.0,0.0
Test_978,0.0,0.0,1.0,0.0
Test_979,0.0,0.0,1.0,0.0
Test_980,0.0,0.0,1.0,0.0
Test_981,0.0,0.0,1.0,0.0
Test_982,0.0,0.0,1.0,0.0
Test_983,0.0,0.0,1.0,0.0
Test_984,0.0,0.0,1.0,0.0
Test_985,0.0,0.0,1.0,0.0
Test_986,0.0,0.0,1.0,0.0
Test_987,0.0,0.0,1.0,0.0
Test_988,0.0,0.0,1.0,0.0
Test_989,0.0,0.0,1.0,0.0
Test_990,0.0,0.0,1.0,0.0
Test_991,0.0,0.0,1.0,0.0
Test_992,0.0,0.0,1.0,0.0
Test_993,0.0,0.0,1.0,0.0
Test_994,0.0,0.0,1.0,0.0
Test_995,0.0,0.0,1.0,0.0
Test_996,0.0,0.0,1.0,0.0
Test_997,0.0,0.0,1.0,0.0
Test_998,0.0,0.0,1.0,0.0
Test_999,0.0,0.0,1.0,0.0
Test_1000,0.0,0.0,1.0,0.0
Test_1001,0.0,0.0,1.0,0.0
Test_1002,0.0,0.0,1.0,0.0
Test_1003,0.0,0.0,1.0,0.0
Test_1004,0.0,0.0,1.0,0.0
Test_1005,0.0,0.0,1.0,0.0
Test_1006,0.0,0.0,1.0,0.0
Test_1007,0.0,0.0,1.0,0.0
Test_1008,0.0,0.0,1.0,0.0
Test_1009,0.0,0.0,1.0,0.0
Test_1010,0.0,0.0,1.0,0.0
Test_1011,0.0,0.0,1.0,0.0
Test_1012,0.0,0.0,1.0,0.0
Test_1013,0.0,0.0,1.0,0.0
Test_1014,0.0,0.0,1.0,0.0
Test_1015,0.0,0.0,1.0,0.0
Test_1016,0.0,0.0,1.0,0.0
Test_1017,0.0,0.0,1.0,0.0
Test_1018,0.0,0.0,1.0,0.0
Test_1019,0.0,0.0,1.0,0.0
Test_1020,0.0,0.0,1.0,0.0
Test_1021,0.0,0.0,1.0,0.0
Test_1022,0.0,0.0,1.0,0.0
Test_1023,0.0,0.0,1.0,0.0
Test_1024,0.0,0.0,1.0,0.0
Test_1025,0.0,0.0,1.0,0.0
Test_1026,0.0,0.0,1.0,0.0
Test_1027,0.0,0.0,1.0,0.0
Test_1028,0.0,0.0,1.0,0.0
Test_1029,0.0,0.0,1.0,0.0
Test_1030,0.0,0.0,1.0,0.0
Test_1031,0.0,0.0,1.0,0.0
Test_1032,0.0,0.0,1.0,0.0
Test_1033,0.0,0.0,1.0,0.0
Test_1034,0.0,0.0,1.0,0.0
Test_1035,0.0,0.0,1.0,0.0
Test_1036,0.0,0.0,1.0,0.0
Test_1037,0.0,0.0,1.0,0.0
Test_1038,0.0,0.0,1.0,0.0
Test_1039,0.0,0.0,1.0,0.0
Test_1040,0.0,0.0,1.0,0.0
Test_1041,0.0,0.0,1.0,0.0
Test_1042,0.0,0.0,1.0,0.0
Test_1043,0.0,0.0,1.0,0.0
Test_1044,0.0,0.0,1.0,0.0
Test_1045,0.0,0.0,1.0,0.0
Test_1046,0.0,0.0,1.0,0.0
Test_1047,0.0,0.0,1.0,0.0
Test_1048,0.0,0.0,1.0,0.0
Test_1049,0.0,0.0,1.0,0.0
Test_1050,0.0,0.0,1.0,0.0
Test_1051,0.0,0.0,1.0,0.0
Test_1052,0.0,0.0,1.0,0.0
Test_1053,0.0,0.0,1.0,0.0
Test_1054,0.0,0.0,1.0,0.0
Test_1055,0.0,0.0,1.0,0.0
Test_1056,0.0,0.0,1.0,0.0
Test_1057,0.0,0.0,1.0,0.0
Test_1058,0.0,0.0,1.0,0.0
Test_1059,0.0,0.0,1.0,0.0
Test_1060,0.0,0.0,1.0,0.0
Test_1061,0.0,0.0,1.0,0.0
Test_1062,0.0,0.0,1.0,0.0
Test_1063,0.0,0.0,1.0,0.0
Test_1064,0.0,0.0,1.0,0.0
Test_1065,0.0,0.0,1.0,0.0
Test_1066,0.0,0.0,1.0,0.0
Test_1067,0.0,0.0,1.0,0.0
Test_1068,0.0,0.0,1.0,0.0
Test_1069,0.0,0.0,1.0,0.0
Test_1070,0.0,0.0,1.0,0.0
Test_1071,0.0,0.0,1.0,0.0
Test_1072,0.0,0.0,1.0,0.0
Test_1073,0.0,0.0,1.0,0.0
Test_1074,0.0,0.0,1.0,0.0
Test_1075,0.0,0.0,1.0,0.0
Test_1076,0.0,0.0,1.0,0.0
Test_1077,0.0,0.0,1.0,0.0
Test_1078,0.0,0.0,1.0,0.0
Test_1079,0.0,0.0,1.0,0.0
Test_1080,0.0,0.0,1.0,0.0
Test_1081,0.0,0.0,1.0,0.0
Test_1082,0.0,0.0,1.0,0.0
Test_1083,0.0,0.0,1.0,0.0
Test_1084,0.0,0.0,1.0,0.0
Test_1085,0.0,0.0,1.0,0.0
Test_1086,0.0,0.0,1.0,0.0
Test_1087,0.0,0.0,1.0,0.0
Test_1088,0.0,0.0,1.0,0.0
Test_1089,0.0,0.0,1.0,0.0
Test_1090,0.0,0.0,1.0,0.0
Test_1091,0.0,0.0,1.0,0.0
Test_1092,0.0,0.0,1.0,0.0
Test_1093,0.0,0.0,1.0,0.0
Test_1094,0.0,0.0,1.0,0.0
Test_1095,0.0,0.0,1.0,0.0
Test_1096,0.0,0.0,1.0,0.0
Test_1097,0.0,0.0,1.0,0.0
Test_1098,0.0,0.0,1.0,0.0
Test_1099,0.0,0.0,1.0,0.0
Test_1100,0.0,0.0,1.0,0.0
Test_1101,0.0,0.0,1.0,0.0
Test_1102,0.0,0.0,1.0,0.0
Test_1103,0.0,0.0,1.0,0.0
Test_1104,0.0,0.0,1.0,0.0
Test_1105,0.0,0.0,1.0,0.0
Test_1106,0.0,0.0,1.0,0.0
Test_1107,0.0,0.0,1.0,0.0
Test_1108,0.0,0.0,1.0,0.0
Test_1109,0.0,0.0,1.0,0.0
Test_1110,0.0,0.0,1.0,0.0
Test_1111,0.0,0.0,1.0,0.0
Test_1112,0.0,0.0,1.0,0.0
Test_1113,0.0,0.0,1.0,0.0
Test_1114,0.0,0.0,1.0,0.0
Test_1115,0.0,0.0,1.0,0.0
Test_1116,0.0,0.0,1.0,0.0
Test_1117,0.0,0.0,1.0,0.0
Test_1118,0.0,0.0,1.0,0.0
Test_1119,0.0,0.0,1.0,0.0
Test_1120,0.0,0.0,1.0,0.0
Test_1121,0.0,0.0,1.0,0.0
Test_1122,0.0,0.0,1.0,0.0
Test_1123,0.0,0.0,1.0,0.0
Test_1124,0.0,0.0,1.0,0.0
Test_1125,0.0,0.0,1.0,0.0
Test_1126,0.0,0.0,1.0,0.0
Test_1127,0.0,0.0,1.0,0.0
Test_1128,0.0,0.0,1.0,0.0
Test_1129,0.0,0.0,1.0,0.0
Test_1130,0.0,0.0,1.0,0.0
Test_1131,0.0,0.0,1.0,0.0
Test_1132,0.0,0.0,1.0,0.0
Test_1133,0.0,0.0,1.0,0.0
Test_1134,0.0,0.0,1.0,0.0
Test_1135,0.0,0.0,1.0,0.0
Test_1136,0.0,0.0,1.0,0.0
Test_1137,0.0,0.0,1.0,0.0
Test_1138,0.0,0.0,1.0,0.0
Test_1139,0.0,0.0,1.0,0.0
Test_1140,0.0,0.0,1.0,0.0
Test_1141,0.0,0.0,1.0,0.0
Test_1142,0.0,0.0,1.0,0.0
Test_1143,0.0,0.0,1.0,0.0
Test_1144,0.0,0.0,1.0,0.0
Test_1145,0.0,0.0,1.0,0.0
Test_1146,0.0,0.0,1.0,0.0
Test_1147,0.0,0.0,1.0,0.0
Test_1148,0.0,0.0,1.0,0.0
Test_1149,0.0,0.0,1.0,0.0
Test_1150,0.0,0.0,1.0,0.0
Test_1151,0.0,0.0,1.0,0.0
Test_1152,0.0,0.0,1.0,0.0
Test_1153,0.0,0.0,1.0,0.0
Test_1154,0.0,0.0,1.0,0.0
Test_1155,0.0,0.0,1.0,0.0
Test_1156,0.0,0.0,1.0,0.0
Test_1157,0.0,0.0,1.0,0.0
Test_1158,0.0,0.0,1.0,0.0
Test_1159,0.0,0.0,1.0,0.0
Test_1160,0.0,0.0,1.0,0.0
Test_1161,0.0,0.0,1.0,0.0
Test_1162,0.0,0.0,1.0,0.0
Test_1163,0.0,0.0,1.0,0.0
Test_1164,0.0,0.0,1.0,0.0
Test_1165,0.0,0.0,1.0,0.0
Test_1166,0.0,0.0,1.0,0.0
Test_1167,0.0,0.0,1.0,0.0
Test_1168,0.0,0.0,1.0,0.0
Test_1169,0.0,0.0,1.0,0.0
Test_1170,0.0,0.0,1.0,0.0
Test_1171,0.0,0.0,1.0,0.0
Test_1172,0.0,0.0,1.0,0.0
Test_1173,0.0,0.0,1.0,0.0
Test_1174,0.0,0.0,1.0,0.0
Test_1175,0.0,0.0,1.0,0.0
Test_1176,0.0,0.0,1.0,0.0
Test_1177,0.0,0.0,1.0,0.0
Test_1178,0.0,0.0,1.0,0.0
Test_1179,0.0,0.0,1.0,0.0
Test_1180,0.0,0.0,1.0,0.0
Test_1181,0.0,0.0,1.0,0.0
Test_1182,0.0,0.0,1.0,0.0
Test_1183,0.0,0.0,1.0,0.0
Test_1184,0.0,0.0,1.0,0.0
Test_1185,0.0,0.0,1.0,0.0
Test_1186,0.0,0.0,1.0,0.0
Test_1187,0.0,0.0,1.0,0.0
Test_1188,0.0,0.0,1.0,0.0
Test_1189,0.0,0.0,1.0,0.0
Test_1190,0.0,0.0,1.0,0.0
Test_1191,0.0,0.0,1.0,0.0
Test_1192,0.0,0.0,1.0,0.0
Test_1193,0.0,0.0,1.0,0.0
Test_1194,0.0,0.0,1.0,0.0
Test_1195,0.0,0.0,1.0,0.0
Test_1196,0.0,0.0,1.0,0.0
Test_1197,0.0,0.0,1.0,0.0
Test_1198,0.0,0.0,1.0,0.0
Test_1199,0.0,0.0,1.0,0.0
Test_1200,0.0,0.0,1.0,0.0
Test_1201,0.0,0.0,1.0,0.0
Test_1202,0.0,0.0,1.0,0.0
Test_1203,0.0,0.0,1.0,0.0
Test_1204,0.0,0.0,1.0,0.0
Test_1205,0.0,0.0,1.0,0.0
Test_1206,0.0,0.0,1.0,0.0
Test_1207,0.0,0.0,1.0,0.0
Test_1208,0.0,0.0,1.0,0.0
Test_1209,0.0,0.0,1.0,0.0
Test_1210,0.0,0.0,1.0,0.0
Test_1211,0.0,0.0,1.0,0.0
Test_1212,0.0,0.0,1.0,0.0
Test_1213,0.0,0.0,1.0,0.0
Test_1214,0.0,0.0,1.0,0.0
Test_1215,0.0,0.0,1.0,0.0
Test_1216,0.0,0.0,1.0,0.0
Test_1217,0.0,0.0,1.0,0.0
Test_1218,0.0,0.0,1.0,0.0
Test_1219,0.0,0.0,1.0,0.0
Test_1220,0.0,0.0,1.0,0.0
Test_1221,0.0,0.0,1.0,0.0
Test_1222,0.0,0.0,1.0,0.0
Test_1223,0.0,0.0,1.0,0.0
Test_1224,0.0,0.0,1.0,0.0
Test_1225,0.0,0.0,1.0,0.0
Test_1226,0.0,0.0,1.0,0.0
Test_1227,0.0,0.0,1.0,0.0
Test_1228,0.0,0.0,1.0,0.0
Test_1229,0.0,0.0,1.0,0.0
Test_1230,0.0,0.0,1.0,0.0
Test_1231,0.0,0.0,1.0,0.0
Test_1232,0.0,0.0,1.0,0.0
Test_1233,0.0,0.0,1.0,0.0
Test_1234,0.0,0.0,1.0,0.0
Test_1235,0.0,0.0,1.0,0.0
Test_1236,0.0,0.0,1.0,0.0
Test_1237,0.0,0.0,1.0,0.0
Test_1238,0.0,0.0,1.0,0.0
Test_1239,0.0,0.0,1.0,0.0
Test_1240,0.0,0.0,1.0,0.0
Test_1241,0.0,0.0,1.0,0.0
Test_1242,0.0,0.0,1.0,0.0
Test_1243,0.0,0.0,1.0,0.0
Test_1244,0.0,0.0,1.0,0.0
Test_1245,0.0,0.0,1.0,0.0
Test_1246,0.0,0.0,1.0,0.0
Test_1247,0.0,0.0,1.0,0.0
Test_1248,0.0,0.0,1.0,0.0
Test_1249,0.0,0.0,1.0,0.0
Test_1250,0.0,0.0,1.0,0.0
Test_1251,0.0,0.0,1.0,0.0
Test_1252,0.0,0.0,1.0,0.0
Test_1253,0.0,0.0,1.0,0.0
Test_1254,0.0,0.0,1.0,0.0
Test_1255,0.0,0.0,1.0,0.0
Test_1256,0.0,0.0,1.0,0.0
Test_1257,0.0,0.0,1.0,0.0
Test_1258,0.0,0.0,1.0,0.0
Test_1259,0.0,0.0,1.0,0.0
Test_1260,0.0,0.0,1.0,0.0
Test_1261,0.0,0.0,1.0,0.0
Test_1262,0.0,0.0,1.0,0.0
Test_1263,0.0,0.0,1.0,0.0
Test_1264,0.0,0.0,1.0,0.0
Test_1265,0.0,0.0,1.0,0.0
Test_1266,0.0,0.0,1.0,0.0
Test_1267,0.0,0.0,1.0,0.0
Test_1268,0.0,0.0,1.0,0.0
Test_1269,0.0,0.0,1.0,0.0
Test_1270,0.0,0.0,1.0,0.0
Test_1271,0.0,0.0,1.0,0.0
Test_1272,0.0,0.0,1.0,0.0
Test_1273,0.0,0.0,1.0,0.0
Test_1274,0.0,0.0,1.0,0.0
Test_1275,0.0,0.0,1.0,0.0
Test_1276,0.0,0.0,1.0,0.0
Test_1277,0.0,0.0,1.0,0.0
Test_1278,0.0,0.0,1.0,0.0
Test_1279,0.0,0.0,1.0,0.0
Test_1280,0.0,0.0,1.0,0.0
Test_1281,0.0,0.0,1.0,0.0
Test_1282,0.0,0.0,1.0,0.0
Test_1283,0.0,0.0,1.0,0.0
Test_1284,0.0,0.0,1.0,0.0
Test_1285,0.0,0.0,1.0,0.0
Test_1286,0.0,0.0,1.0,0.0
Test_1287,0.0,0.0,1.0,0.0
Test_1288,0.0,0.0,1.0,0.0
Test_1289,0.0,0.0,1.0,0.0
Test_1290,0.0,0.0,1.0,0.0
Test_1291,0.0,0.0,1.0,0.0
Test_1292,0.0,0.0,1.0,0.0
Test_1293,0.0,0.0,1.0,0.0
Test_1294,0.0,0.0,1.0,0.0
Test_1295,0.0,0.0,1.0,0.0
Test_1296,0.0,0.0,1.0,0.0
Test_1297,0.0,0.0,1.0,0.0
Test_1298,0.0,0.0,1.0,0.0
Test_1299,0.0,0.0,1.0,0.0
Test_1300,0.0,0.0,1.0,0.0
Test_1301,0.0,0.0,1.0,0.0
Test_1302,0.0,0.0,1.0,0.0
Test_1303,0.0,0.0,1.0,0.0
Test_1304,0.0,0.0,1.0,0.0
Test_1305,0.0,0.0,1.0,0.0
Test_1306,0.0,0.0,1.0,0.0
Test_1307,0.0,0.0,1.0,0.0
Test_1308,0.0,0.0,1.0,0.0
Test_1309,0.0,0.0,1.0,0.0
Test_1310,0.0,0.0,1.0,0.0
Test_1311,0.0,0.0,1.0,0.0
Test_1312,0.0,0.0,1.0,0.0
Test_1313,0.0,0.0,1.0,0.0
Test_1314,0.0,0.0,1.0,0.0
Test_1315,0.0,0.0,1.0,0.0
Test_1316,0.0,0.0,1.0,0.0
Test_1317,0.0,0.0,1.0,0.0
Test_1318,0.0,0.0,1.0,0.0
Test_1319,0.0,0.0,1.0,0.0
Test_1320,0.0,0.0,1.0,0.0
Test_1321,0.0,0.0,1.0,0.0
Test_1322,0.0,0.0,1.0,0.0
Test_1323,0.0,0.0,1.0,0.0
Test_1324,0.0,0.0,1.0,0.0
Test_1325,0.0,0.0,1.0,0.0
Test_1326,0.0,0.0,1.0,0.0
Test_1327,0.0,0.0,1.0,0.0
Test_1328,0.0,0.0,1.0,0.0
Test_1329,0.0,0.0,1.0,0.0
Test_1330,0.0,0.0,1.0,0.0
Test_1331,0.0,0.0,1.0,0.0
Test_1332,0.0,0.0,1.0,0.0
Test_1333,0.0,0.0,1.0,0.0
Test_1334,0.0,0.0,1.0,0.0
Test_1335,0.0,0.0,1.0,0.0
Test_1336,0.0,0.0,1.0,0.0
Test_1337,0.0,0.0,1.0,0.0
Test_1338,0.0,0.0,1.0,0.0
Test_1339,0.0,0.0,1.0,0.0
Test_1340,0.0,0.0,1.0,0.0
Test_1341,0.0,0.0,1.0,0.0
Test_1342,0.0,0.0,1.0,0.0
Test_1343,0.0,0.0,1.0,0.0
Test_1344,0.0,0.0,1.0,0.0
Test_1345,0.0,0.0,1.0,0.0
Test_1346,0.0,0.0,1.0,0.0
Test_1347,0.0,0.0,1.0,0.0
Test_1348,0.0,0.0,1.0,0.0
Test_1349,0.0,0.0,1.0,0.0
Test_1350,0.0,0.0,1.0,0.0
Test_1351,0.0,0.0,1.0,0.0
Test_1352,0.0,0.0,1.0,0.0
Test_1353,0.0,0.0,1.0,0.0
Test_1354,0.0,0.0,1.0,0.0
Test_1355,0.0,0.0,1.0,0.0
Test_1356,0.0,0.0,1.0,0.0
Test_1357,0.0,0.0,1.0,0.0
Test_1358,0.0,0.0,1.0,0.0
Test_1359,0.0,0.0,1.0,0.0
Test_1360,0.0,0.0,1.0,0.0
Test_1361,0.0,0.0,1.0,0.0
Test_1362,0.0,0.0,1.0,0.0
Test_1363,0.0,0.0,1.0,0.0
Test_1364,0.0,0.0,1.0,0.0
Test_1365,0.0,0.0,1.0,0.0
Test_1366,0.0,0.0,1.0,0.0
Test_1367,0.0,0.0,1.0,0.0
Test_1368,0.0,0.0,1.0,0.0
Test_1369,0.0,0.0,1.0,0.0
Test_1370,0.0,0.0,1.0,0.0
Test_1371,0.0,0.0,1.0,0.0
Test_1372,0.0,0.0,1.0,0.0
Test_1373,0.0,0.0,1.0,0.0
Test_1374,0.0,0.0,1.0,0.0
Test_1375,0.0,0.0,1.0,0.0
Test_1376,0.0,0.0,1.0,0.0
Test_1377,0.0,0.0,1.0,0.0
Test_1378,0.0,0.0,1.0,0.0
Test_1379,0.0,0.0,1.0,0.0
Test_1380,0.0,0.0,1.0,0.0
Test_1381,0.0,0.0,1.0,0.0
Test_1382,0.0,0.0,1.0,0.0
Test_1383,0.0,0.0,1.0,0.0
Test_1384,0.0,0.0,1.0,0.0
Test_1385,0.0,0.0,1.0,0.0
Test_1386,0.0,0.0,1.0,0.0
Test_1387,0.0,0.0,1.0,0.0
Test_1388,0.0,0.0,1.0,0.0
Test_1389,0.0,0.0,1.0,0.0
Test_1390,0.0,0.0,1.0,0.0
Test_1391,0.0,0.0,1.0,0.0
Test_1392,0.0,0.0,1.0,0.0
Test_1393,0.0,0.0,1.0,0.0
Test_1394,0.0,0.0,1.0,0.0
Test_1395,0.0,0.0,1.0,0.0
Test_1396,0.0,0.0,1.0,0.0
Test_1397,0.0,0.0,1.0,0.0
Test_1398,0.0,0.0,1.0,0.0
Test_1399,0.0,0.0,1.0,0.0
Test_1400,0.0,0.0,1.0,0.0
Test_1401,0.0,0.0,1.0,0.0
Test_1402,0.0,0.0,1.0,0.0
Test_1403,0.0,0.0,1.0,0.0
Test_1404,0.0,0.0,1.0,0.0
Test_1405,0.0,0.0,1.0,0.0
Test_1406,0.0,0.0,1.0,0.0
Test_1407,0.0,0.0,1.0,0.0
Test_1408,0.0,0.0,1.0,0.0
Test_1409,0.0,0.0,1.0,0.0
Test_1410,0.0,0.0,1.0,0.0
Test_1411,0.0,0.0,1.0,0.0
Test_1412,0.0,0.0,1.0,0.0
Test_1413,0.0,0.0,1.0,0.0
Test_1414,0.0,0.0,1.0,0.0
Test_1415,0.0,0.0,1.0,0.0
Test_1416,0.0,0.0,1.0,0.0
Test_1417,0.0,0.0,1.0,0.0
Test_1418,0.0,0.0,1.0,0.0
Test_1419,0.0,0.0,1.0,0.0
Test_1420,0.0,0.0,1.0,0.0
Test_1421,0.0,0.0,1.0,0.0
Test_1422,0.0,0.0,1.0,0.0
Test_1423,0.0,0.0,1.0,0.0
Test_1424,0.0,0.0,1.0,0.0
Test_1425,0.0,0.0,1.0,0.0
Test_1426,0.0,0.0,1.0,0.0
Test_1427,0.0,0.0,1.0,0.0
Test_1428,0.0,0.0,1.0,0.0
Test_1429,0.0,0.0,1.0,0.0
Test_1430,0.0,0.0,1.0,0.0
Test_1431,0.0,0.0,1.0,0.0
Test_1432,0.0,0.0,1.0,0.0
Test_1433,0.0,0.0,1.0,0.0
Test_1434,0.0,0.0,1.0,0.0
Test_1435,0.0,0.0,1.0,0.0
Test_1436,0.0,0.0,1.0,0.0
Test_1437,0.0,0.0,1.0,0.0
Test_1438,0.0,0.0,1.0,0.0
Test_1439,0.0,0.0,1.0,0.0
Test_1440,0.0,0.0,1.0,0.0
Test_1441,0.0,0.0,1.0,0.0
Test_1442,0.0,0.0,1.0,0.0
Test_1443,0.0,0.0,1.0,0.0
Test_1444,0.0,0.0,1.0,0.0
Test_1445,0.0,0.0,1.0,0.0
Test_1446,0.0,0.0,1.0,0.0
Test_1447,0.0,0.0,1.0,0.0
Test_1448,0.0,0.0,1.0,0.0
Test_1449,0.0,0.0,1.0,0.0
Test_1450,0.0,0.0,1.0,0.0
Test_1451,0.0,0.0,1.0,0.0
Test_1452,0.0,0.0,1.0,0.0
Test_1453,0.0,0.0,1.0,0.0
Test_1454,0.0,0.0,1.0,0.0
Test_1455,0.0,0.0,1.0,0.0
Test_1456,0.0,0.0,1.0,0.0
Test_1457,0.0,0.0,1.0,0.0
Test_1458,0.0,0.0,1.0,0.0
Test_1459,0.0,0.0,1.0,0.0
Test_1460,0.0,0.0,1.0,0.0
Test_1461,0.0,0.0,1.0,0.0
Test_1462,0.0,0.0,1.0,0.0
Test_1463,0.0,0.0,1.0,0.0
Test_1464,0.0,0.0,1.0,0.0
Test_1465,0.0,0.0,1.0,0.0
Test_1466,0.0,0.0,1.0,0.0
Test_1467,0.0,0.0,1.0,0.0
Test_1468,0.0,0.0,1.0,0.0
Test_1469,0.0,0.0,1.0,0.0
Test_1470,0.0,0.0,1.0,0.0
Test_1471,0.0,0.0,1.0,0.0
Test_1472,0.0,0.0,1.0,0.0
Test_1473,0.0,0.0,1.0,0.0
Test_1474,0.0,0.0,1.0,0.0
Test_1475,0.0,0.0,1.0,0.0
Test_1476,0.0,0.0,1.0,0.0
Test_1477,0.0,0.0,1.0,0.0
Test_1478,0.0,0.0,1.0,0.0
Test_1479,0.0,0.0,1.0,0.0
Test_1480,0.0,0.0,1.0,0.0
Test_1481,0.0,0.0,1.0,0.0
Test_1482,0.0,0.0,1.0,0.0
Test_1483,0.0,0.0,1.0,0.0
Test_1484,0.0,0.0,1.0,0.0
Test_1485,0.0,0.0,1.0,0.0
Test_1486,0.0,0.0,1.0,0.0
Test_1487,0.0,0.0,1.0,0.0
Test_1488,0.0,0.0,1.0,0.0
Test_1489,0.0,0.0,1.0,0.0
Test_1490,0.0,0.0,1.0,0.0
Test_1491,0.0,0.0,1.0,0.0
Test_1492,0.0,0.0,1.0,0.0
Test_1493,0.0,0.0,1.0,0.0
Test_1494,0.0,0.0,1.0,0.0
Test_1495,0.0,0.0,1.0,0.0
Test_1496,0.0,0.0,1.0,0.0
Test_1497,0.0,0.0,1.0,0.0
Test_1498,0.0,0.0,1.0,0.0
Test_1499,0.0,0.0,1.0,0.0
Test_1500,0.0,0.0,1.0,0.0
Test_1501,0.0,0.0,1.0,0.0
Test_1502,0.0,0.0,1.0,0.0
Test_1503,0.0,0.0,1.0,0.0
Test_1504,0.0,0.0,1.0,0.0
Test_1505,0.0,0.0,1.0,0.0
Test_1506,0.0,0.0,1.0,0.0
Test_1507,0.0,0.0,1.0,0.0
Test_1508,0.0,0.0,1.0,0.0
Test_1509,0.0,0.0,1.0,0.0
Test_1510,0.0,0.0,1.0,0.0
Test_1511,0.0,0.0,1.0,0.0
Test_1512,0.0,0.0,1.0,0.0
Test_1513,0.0,0.0,1.0,0.0
Test_1514,0.0,0.0,1.0,0.0
Test_1515,0.0,0.0,1.0,0.0
Test_1516,0.0,0.0,1.0,0.0
Test_1517,0.0,0.0,1.0,0.0
Test_1518,0.0,0.0,1.0,0.0
Test_1519,0.0,0.0,1.0,0.0
Test_1520,0.0,0.0,1.0,0.0
Test_1521,0.0,0.0,1.0,0.0
Test_1522,0.0,0.0,1.0,0.0
Test_1523,0.0,0.0,1.0,0.0
Test_1524,0.0,0.0,1.0,0.0
Test_1525,0.0,0.0,1.0,0.0
Test_1526,0.0,0.0,1.0,0.0
Test_1527,0.0,0.0,1.0,0.0
Test_1528,0.0,0.0,1.0,0.0
Test_1529,0.0,0.0,1.0,0.0
Test_1530,0.0,0.0,1.0,0.0
Test_1531,0.0,0.0,1.0,0.0
Test_1532,0.0,0.0,1.0,0.0
Test_1533,0.0,0.0,1.0,0.0
Test_1534,0.0,0.0,1.0,0.0
Test_1535,0.0,0.0,1.0,0.0
Test_1536,0.0,0.0,1.0,0.0
Test_1537,0.0,0.0,1.0,0.0
Test_1538,0.0,0.0,1.0,0.0
Test_1539,0.0,0.0,1.0,0.0
Test_1540,0.0,0.0,1.0,0.0
Test_1541,0.0,0.0,1.0,0.0
Test_1542,0.0,0.0,1.0,0.0
Test_1543,0.0,0.0,1.0,0.0
Test_1544,0.0,0.0,1.0,0.0
Test_1545,0.0,0.0,1.0,0.0
Test_1546,0.0,0.0,1.0,0.0
Test_1547,0.0,0.0,1.0,0.0
Test_1548,0.0,0.0,1.0,0.0
Test_1549,0.0,0.0,1.0,0.0
Test_1550,0.0,0.0,1.0,0.0
Test_1551,0.0,0.0,1.0,0.0
Test_1552,0.0,0.0,1.0,0.0
Test_1553,0.0,0.0,1.0,0.0
Test_1554,0.0,0.0,1.0,0.0
Test_1555,0.0,0.0,1.0,0.0
Test_1556,0.0,0.0,1.0,0.0
Test_1557,0.0,0.0,1.0,0.0
Test_1558,0.0,0.0,1.0,0.0
Test_1559,0.0,0.0,1.0,0.0
Test_1560,0.0,0.0,1.0,0.0
Test_1561,0.0,0.0,1.0,0.0
Test_1562,0.0,0.0,1.0,0.0
Test_1563,0.0,0.0,1.0,0.0
Test_1564,0.0,0.0,1.0,0.0
Test_1565,0.0,0.0,1.0,0.0
Test_1566,0.0,0.0,1.0,0.0
Test_1567,0.0,0.0,1.0,0.0
Test_1568,0.0,0.0,1.0,0.0
Test_1569,0.0,0.0,1.0,0.0
Test_1570,0.0,0.0,1.0,0.0
Test_1571,0.0,0.0,1.0,0.0
Test_1572,0.0,0.0,1.0,0.0
Test_1573,0.0,0.0,1.0,0.0
Test_1574,0.0,0.0,1.0,0.0
Test_1575,0.0,0.0,1.0,0.0
Test_1576,0.0,0.0,1.0,0.0
Test_1577,0.0,0.0,1.0,0.0
Test_1578,0.0,0.0,1.0,0.0
Test_1579,0.0,0.0,1.0,0.0
Test_1580,0.0,0.0,1.0,0.0
Test_1581,0.0,0.0,1.0,0.0
Test_1582,0.0,0.0,1.0,0.0
Test_1583,0.0,0.0,1.0,0.0
Test_1584,0.0,0.0,1.0,0.0
Test_1585,0.0,0.0,1.0,0.0
Test_1586,0.0,0.0,1.0,0.0
Test_1587,0.0,0.0,1.0,0.0
Test_1588,0.0,0.0,1.0,0.0
Test_1589,0.0,0.0,1.0,0.0
Test_1590,0.0,0.0,1.0,0.0
Test_1591,0.0,0.0,1.0,0.0
Test_1592,0.0,0.0,1.0,0.0
Test_1593,0.0,0.0,1.0,0.0
Test_1594,0.0,0.0,1.0,0.0
Test_1595,0.0,0.0,1.0,0.0
Test_1596,0.0,0.0,1.0,0.0
Test_1597,0.0,0.0,1.0,0.0
Test_1598,0.0,0.0,1.0,0.0
Test_1599,0.0,0.0,1.0,0.0
Test_1600,0.0,0.0,1.0,0.0
Test_1601,0.0,0.0,1.0,0.0
Test_1602,0.0,0.0,1.0,0.0
Test_1603,0.0,0.0,1.0,0.0
Test_1604,0.0,0.0,1.0,0.0
Test_1605,0.0,0.0,1.0,0.0
Test_1606,0.0,0.0,1.0,0.0
Test_1607,0.0,0.0,1.0,0.0
Test_1608,0.0,0.0,1.0,0.0
Test_1609,0.0,0.0,1.0,0.0
Test_1610,0.0,0.0,1.0,0.0
Test_1611,0.0,0.0,1.0,0.0
Test_1612,0.0,0.0,1.0,0.0
Test_1613,0.0,0.0,1.0,0.0
Test_1614,0.0,0.0,1.0,0.0
Test_1615,0.0,0.0,1.0,0.0
Test_1616,0.0,0.0,1.0,0.0
Test_1617,0.0,0.0,1.0,0.0
Test_1618,0.0,0.0,1.0,0.0
Test_1619,0.0,0.0,1.0,0.0
Test_1620,0.0,0.0,1.0,0.0
Test_1621,0.0,0.0,1.0,0.0
Test_1622,0.0,0.0,1.0,0.0
Test_1623,0.0,0.0,1.0,0.0
Test_1624,0.0,0.0,1.0,0.0
Test_1625,0.0,0.0,1.0,0.0
Test_1626,0.0,0.0,1.0,0.0
Test_1627,0.0,0.0,1.0,0.0
Test_1628,0.0,0.0,1.0,0.0
Test_1629,0.0,0.0,1.0,0.0
Test_1630,0.0,0.0,1.0,0.0
Test_1631,0.0,0.0,1.0,0.0
Test_1632,0.0,0.0,1.0,0.0
Test_1633,0.0,0.0,1.0,0.0
Test_1634,0.0,0.0,1.0,0.0
Test_1635,0.0,0.0,1.0,0.0
Test_1636,0.0,0.0,1.0,0.0
Test_1637,0.0,0.0,1.0,0.0
Test_1638,0.0,0.0,1.0,0.0
Test_1639,0.0,0.0,1.0,0.0
Test_1640,0.0,0.0,1.0,0.0
Test_1641,0.0,0.0,1.0,0.0
Test_1642,0.0,0.0,1.0,0.0
Test_1643,0.0,0.0,1.0,0.0
Test_1644,0.0,0.0,1.0,0.0
Test_1645,0.0,0.0,1.0,0.0
Test_1646,0.0,0.0,1.0,0.0
Test_1647,0.0,0.0,1.0,0.0
Test_1648,0.0,0.0,1.0,0.0
Test_1649,0.0,0.0,1.0,0.0
Test_1650,0.0,0.0,1.0,0.0
Test_1651,0.0,0.0,1.0,0.0
Test_1652,0.0,0.0,1.0,0.0
Test_1653,0.0,0.0,1.0,0.0
Test_1654,0.0,0.0,1.0,0.0
Test_1655,0.0,0.0,1.0,0.0
Test_1656,0.0,0.0,1.0,0.0
Test_1657,0.0,0.0,1.0,0.0
Test_1658,0.0,0.0,1.0,0.0
Test_1659,0.0,0.0,1.0,0.0
Test_1660,0.0,0.0,1.0,0.0
Test_1661,0.0,0.0,1.0,0.0
Test_1662,0.0,0.0,1.0,0.0
Test_1663,0.0,0.0,1.0,0.0
Test_1664,0.0,0.0,1.0,0.0
Test_1665,0.0,0.0,1.0,0.0
Test_1666,0.0,0.0,1.0,0.0
Test_1667,0.0,0.0,1.0,0.0
Test_1668,0.0,0.0,1.0,0.0
Test_1669,0.0,0.0,1.0,0.0
Test_1670,0.0,0.0,1.0,0.0
Test_1671,0.0,0.0,1.0,0.0
Test_1672,0.0,0.0,1.0,0.0
Test_1673,0.0,0.0,1.0,0.0
Test_1674,0.0,0.0,1.0,0.0
Test_1675,0.0,0.0,1.0,0.0
Test_1676,0.0,0.0,1.0,0.0
Test_1677,0.0,0.0,1.0,0.0
Test_1678,0.0,0.0,1.0,0.0
Test_1679,0.0,0.0,1.0,0.0
Test_1680,0.0,0.0,1.0,0.0
Test_1681,0.0,0.0,1.0,0.0
Test_1682,0.0,0.0,1.0,0.0
Test_1683,0.0,0.0,1.0,0.0
Test_1684,0.0,0.0,1.0,0.0
Test_1685,0.0,0.0,1.0,0.0
Test_1686,0.0,0.0,1.0,0.0
Test_1687,0.0,0.0,1.0,0.0
Test_1688,0.0,0.0,1.0,0.0
Test_1689,0.0,0.0,1.0,0.0
Test_1690,0.0,0.0,1.0,0.0
Test_1691,0.0,0.0,1.0,0.0
Test_1692,0.0,0.0,1.0,0.0
Test_1693,0.0,0.0,1.0,0.0
Test_1694,0.0,0.0,1.0,0.0
Test_1695,0.0,0.0,1.0,0.0
Test_1696,0.0,0.0,1.0,0.0
Test_1697,0.0,0.0,1.0,0.0
Test_1698,0.0,0.0,1.0,0.0
Test_1699,0.0,0.0,1.0,0.0
Test_1700,0.0,0.0,1.0,0.0
Test_1701,0.0,0.0,1.0,0.0
Test_1702,0.0,0.0,1.0,0.0
Test_1703,0.0,0.0,1.0,0.0
Test_1704,0.0,0.0,1.0,0.0
Test_1705,0.0,0.0,1.0,0.0
Test_1706,0.0,0.0,1.0,0.0
Test_1707,0.0,0.0,1.0,0.0
Test_1708,0.0,0.0,1.0,0.0
Test_1709,0.0,0.0,1.0,0.0
Test_1710,0.0,0.0,1.0,0.0
Test_1711,0.0,0.0,1.0,0.0
Test_1712,0.0,0.0,1.0,0.0
Test_1713,0.0,0.0,1.0,0.0
Test_1714,0.0,0.0,1.0,0.0
Test_1715,0.0,0.0,1.0,0.0
Test_1716,0.0,0.0,1.0,0.0
Test_1717,0.0,0.0,1.0,0.0
Test_1718,0.0,0.0,1.0,0.0
Test_1719,0.0,0.0,1.0,0.0
Test_1720,0.0,0.0,1.0,0.0
Test_1721,0.0,0.0,1.0,0.0
Test_1722,0.0,0.0,1.0,0.0
Test_1723,0.0,0.0,1.0,0.0
Test_1724,0.0,0.0,1.0,0.0
Test_1725,0.0,0.0,1.0,0.0
Test_1726,0.0,0.0,1.0,0.0
Test_1727,0.0,0.0,1.0,0.0
Test_1728,0.0,0.0,1.0,0.0
Test_1729,0.0,0.0,1.0,0.0
Test_1730,0.0,0.0,1.0,0.0
Test_1731,0.0,0.0,1.0,0.0
Test_1732,0.0,0.0,1.0,0.0
Test_1733,0.0,0.0,1.0,0.0
Test_1734,0.0,0.0,1.0,0.0
Test_1735,0.0,0.0,1.0,0.0
Test_1736,0.0,0.0,1.0,0.0
Test_1737,0.0,0.0,1.0,0.0
Test_1738,0.0,0.0,1.0,0.0
Test_1739,0.0,0.0,1.0,0.0
Test_1740,0.0,0.0,1.0,0.0
Test_1741,0.0,0.0,1.0,0.0
Test_1742,0.0,0.0,1.0,0.0
Test_1743,0.0,0.0,1.0,0.0
Test_1744,0.0,0.0,1.0,0.0
Test_1745,0.0,0.0,1.0,0.0
Test_1746,0.0,0.0,1.0,0.0
Test_1747,0.0,0.0,1.0,0.0
Test_1748,0.0,0.0,1.0,0.0
Test_1749,0.0,0.0,1.0,0.0
Test_1750,0.0,0.0,1.0,0.0
Test_1751,0.0,0.0,1.0,0.0
Test_1752,0.0,0.0,1.0,0.0
Test_1753,0.0,0.0,1.0,0.0
Test_1754,0.0,0.0,1.0,0.0
Test_1755,0.0,0.0,1.0,0.0
Test_1756,0.0,0.0,1.0,0.0
Test_1757,0.0,0.0,1.0,0.0
Test_1758,0.0,0.0,1.0,0.0
Test_1759,0.0,0.0,1.0,0.0
Test_1760,0.0,0.0,1.0,0.0
Test_1761,0.0,0.0,1.0,0.0
Test_1762,0.0,0.0,1.0,0.0
Test_1763,0.0,0.0,1.0,0.0
Test_1764,0.0,0.0,1.0,0.0
Test_1765,0.0,0.0,1.0,0.0
Test_1766,0.0,0.0,1.0,0.0
Test_1767,0.0,0.0,1.0,0.0
Test_1768,0.0,0.0,1.0,0.0
Test_1769,0.0,0.0,1.0,0.0
Test_1770,0.0,0.0,1.0,0.0
Test_1771,0.0,0.0,1.0,0.0
Test_1772,0.0,0.0,1.0,0.0
Test_1773,0.0,0.0,1.0,0.0
Test_1774,0.0,0.0,1.0,0.0
Test_1775,0.0,0.0,1.0,0.0
Test_1776,0.0,0.0,1.0,0.0
Test_1777,0.0,0.0,1.0,0.0
Test_1778,0.0,0.0,1.0,0.0
Test_1779,0.0,0.0,1.0,0.0
Test_1780,0.0,0.0,1.0,0.0
Test_1781,0.0,0.0,1.0,0.0
Test_1782,0.0,0.0,1.0,0.0
Test_1783,0.0,0.0,1.0,0.0
Test_1784,0.0,0.0,1.0,0.0
Test_1785,0.0,0.0,1.0,0.0
Test_1786,0.0,0.0,1.0,0.0
Test_1787,0.0,0.0,1.0,0.0
Test_1788,0.0,0.0,1.0,0.0
Test_1789,0.0,0.0,1.0,0.0
Test_1790,0.0,0.0,1.0,0.0
Test_1791,0.0,0.0,1.0,0.0
Test_1792,0.0,0.0,1.0,0.0
Test_1793,0.0,0.0,1.0,0.0
Test_1794,0.0,0.0,1.0,0.0
Test_1795,0.0,0.0,1.0,0.0
Test_1796,0.0,0.0,1.0,0.0
Test_1797,0.0,0.0,1.0,0.0
Test_1798,0.0,0.0,1.0,0.0
Test_1799,0.0,0.0,1.0,0.0
Test_1800,0.0,0.0,1.0,0.0
Test_1801,0.0,0.0,1.0,0.0
Test_1802,0.0,0.0,1.0,0.0
Test_1803,0.0,0.0,1.0,0.0
Test_1804,0.0,0.0,1.0,0.0
Test_1805,0.0,0.0,1.0,0.0
Test_1806,0.0,0.0,1.0,0.0
Test_1807,0.0,0.0,1.0,0.0
Test_1808,0.0,0.0,1.0,0.0
Test_1809,0.0,0.0,1.0,0.0
Test_1810,0.0,0.0,1.0,0.0
Test_1811,0.0,0.0,1.0,0.0
Test_1812,0.0,0.0,1.0,0.0
Test_1813,0.0,0.0,1.0,0.0
Test_1814,0.0,0.0,1.0,0.0
Test_1815,0.0,0.0,1.0,0.0
Test_1816,0.0,0.0,1.0,0.0
Test_1817,0.0,0.0,1.0,0.0
Test_1818,0.0,0.0,1.0,0.0
Test_1819,0.0,0.0,1.0,0.0
Test_1820,0.0,0.0,1.0,0.0
